{
  "vocab_size": 1042,
  "bins": 1040,
  "boundaries": {
    "flow_count": [
      8.666666666666666,
      12.0
    ],
    "unique_src_ips": [
      1.0,
      1.6666666666666665
    ],
    "unique_dst_ips": [
      1.0,
      1.6666666666666665
    ],
    "unique_service_ports": [
      1.6666666666666665,
      5.333333333333332
    ],
    "mean_flow_duration": [
      0.0,
      0.046666661898295075
    ],
    "std_flow_duration": [
      0.0,
      0.03666667143503824
    ],
    "mean_flow_bytes": [
      59.33333333333333,
      122.99999999999997
    ],
    "std_flow_bytes": [
      0.0,
      49.999999999999986
    ],
    "duration": [
      0.0,
      0.0023076901069054153,
      0.038461510951702776
    ],
    "mean_iat": [
      0.0,
      0.0023076901069054153,
      0.030769203259394754
    ],
    "std_iat": [
      0.0,
      0.0008770555743707334
    ],
    "packet_count": [
      1.0,
      1.0769230769230766,
      2.1538461538461604
    ],
    "byte_count": [
      54.0,
      58.30769230769231,
      62.0,
      64.53846153846153,
      106.53846153846203
    ],
    "mean_packet_size": [
      53.75,
      54.0,
      58.0,
      62.0,
      62.147435897435905
    ],
    "std_packet_size": [
      0.0,
      0.038461538461538325,
      1.2443435189839827
    ],
    "iat": [
      0.0,
      0.0037499964237213135,
      0.021562479436397552,
      0.030000001192092896,
      0.031875185668468475,
      0.051249951124191284,
      0.07031243294477463
    ],
    "packet_size": [
      47.96875,
      53.625,
      54.0,
      57.5,
      62.0,
      62.5625,
      72.15625
    ]
  }
}
